Entry,Livingston,Lewis,Mandavia,Guns,MacDonnell,Lazar,Boutilier,"Dipasquale, K",Theriault,"Dipasquale, D",McHugh,Grimason,Stewart,Vogelsgang,Nasrallah,Schwartz,Baker,Gibson,"Saliba, Jo","Saliba, Ju",Gregorich,Collins,Kronwitter,Broglin,White,Jacobson,Fuller,Obradovic,Cassells,Mailman,Milner,Hum,Gorodinsky,Walker
Group 1,McIlroy,Scheffler,McIlroy,Scheffler,McIlroy,Scheffler,Scheffler,Morikawa,Scheffler,Scheffler,McIlroy,Rahm,McIlroy,Scheffler,McIlroy,Scheffler,McIlroy,McIlroy,McIlroy,Scheffler,Morikawa,McIlroy,Scheffler,Morikawa,McIlroy,Rahm,McIlroy,Mcilroy,McIlroy,McIlroy,McIlroy,Scheffler,Scheffler,Morikawa
Group 2,Åberg,Schauffele,Thomas,Åberg,Åberg,DeChambeau,Åberg,DeChambeau,Åberg,Åberg,Dechambeau,Thomas,Åberg,DeChambeau,Schauffele,Thomas,DeChambeau,Åberg,Åberg,DeChambeau,Åberg,Åberg,Åberg,DeChambeau,Åberg,Thomas,Thomas,DeChambeau,Åberg,DeChambeau,Schauffele,DeChambeau,Åberg,Thomas
Group 3,Niemann,Matsuyama,Niemann,Spieth,Matsuyama,Niemann,Hovland,Hovland,Hovland,Niemann,Niemann,Niemann,Matsuyama,Niemann,Matsuyama,Niemann,Niemann,Hovland,Matsuyama,Hovland,Niemann,Hovland,Niemann,Niemann,Matsuyama,Niemann,Matsuyama,Matsuyama,Niemann,Niemann,Hovland,Matsuyama,Niemann,Niemann
Group 4,Koepka,Cantlay,Fleetwood,Fleetwood,Koepka,Koepka,Koepka,Koepka,Koepka,Hatton,Cantlay,Cantlay,Fleetwood,Koepka,Cantlay,Fleetwood,Fleetwood,Fleetwood,Fleetwood,Koepka,Fleetwood,Koepka,Koepka,Hatton,Fleetwood,Cantlay,Cantlay,Fleetwood,Fleetwood,Koepka,Cantlay,Cantlay,Fleetwood,Koepka
Group 5,Lee,Lowry,Lee,Lowry,Lowry,Lee,Zalatoris,Smith,Lee,Lee,Lee,Lowry,Lowry,Lowry,Zalatoris,Lowry,Lee,Smith,Lee,Lowry,Lee,Lee,Lee,Lee,Smith,Smith,Lowry,Smith,Lowry,Lowry,Lowry,Zalatoris,Lowry,Lowry
Group 6,Henley,Henley,Bhatia,Henley,Henley,Finau,Finau,Bhatia,Bhatia,Finau,Henley,Henley,Henley,Henley,Henley,Henley,MacIntyre,Finau,Bhatia,Henley,MacIntyre,Bhatia,Henley,Henley,MacIntyre,Henley,Bhatia,Finau,MacIntyre,MacIntyre,MacIntyre,MacIntyre,Finau,Henley
Group 7,Conners,Clark,Straka,Conners,Straka,Straka,Conners,Straka,Conners,Straka,Straka,Conners,Straka,Straka,Conners,Conners,Straka,Conners,Clark,Conners,Clark,Day,Conners,Day,Clark,Conners,Clark,Conners,Straka,Straka,Straka,Straka,Conners,Straka
Group 8,Kim,Theegala,Kim,Kim,Johnson,Theegala,Im,Kim,Theegala,Theegala,Theegala,Im,Im,Theegala,Kim,Im,Im,Theegala,Theegala,Kim,Im,Kim,Theegala,Kim,Kim,Im,Im,Theegala,Kim,Kim,Kim,Im,Theegala,Johnson
Group 9 (M),Lawrence,Hoge,Hoge,Hoge,Hoge,Hoge,Schenk,Lawrence,Hoge,Hoge,Schenk,Hoge,Hoge,Hoge,Hoge,Hoge,Hoge,Hoge,Hoge,Hoge,Schenk,Hoge,Hoge,Lawrence,Kizzire,Hoge,Hoge,Lawrence,Lawrence,Kizzire,Hoge,Hoge,Hoge,Hoge
Group 10 (OM),Weir,Olazábal,Couples,Weir,Couples,Weir,Couples,Weir,Weir,Olazábal,Weir,Weir,Couples,Couples,Couples,Weir,Couples,Couples,Olazábal,Couples,Couples,Weir,Couples,Weir,Couples,Couples,Couples,Weir,Weir,Couples,Weir,Couples,Olazábal,Weir
WC,Rose,English,Bradley,Berger,Reed,Garcia,Fitzpatrick,"Højgaard, Rasmus",Garcia,Rose,Spaun,Garcia,Harman,"Højgaard, Nicolai",McNealy,McCarthy,McNealy,McNealy,Bradley,Mickelson,Garcia,Pendrith,Reed,Garcia,McCarty,Garcia,"Højgaard, Nicolai","Højgaard, Nicolai",Bradley,Pendrith,Garcia,Scott,Fitzpatrick,Mickelson
1RL,Niemann,Clark,Lee,Åberg,McIlroy,Morikawa,Scheffler,McIlroy,Bhatia,DeChambeau,McIlroy,McIlroy,Schauffele,Scheffler,DeChambeau,Scheffler,Lee,Åberg,Åberg,DeChambeau,Morikawa,McIlroy,Dechambeau,Åberg,MCilroy,Conners,Cantlay,McIlroy,Thomas,McIlroy,McIlroy,DeChambeau,Åberg,Koepka
In Bonus Pool,Yes,Yes,Yes,No,No,No,No,No,No,Yes,Yes,No,No,Yes,No,Yes,No,No,No,No,Yes,No,Yes,No,No,Yes,No,No,No,No,No,Yes,Yes,No